Artist,Album,Genre,Released,Cover Url,Track Number,Track,Duration
Alice Russell,To Dust,Soul,2013,https://www.theaudiodb.com/images/media/album/thumb/to-dust-536d429bc98b2.jpg,1,A To Z,01:32
Alice Russell,To Dust,Soul,2013,https://www.theaudiodb.com/images/media/album/thumb/to-dust-536d429bc98b2.jpg,2,Heartbreaker Part 2,03:31
Alice Russell,To Dust,Soul,2013,https://www.theaudiodb.com/images/media/album/thumb/to-dust-536d429bc98b2.jpg,3,For A While,04:52
Alice Russell,To Dust,Soul,2013,https://www.theaudiodb.com/images/media/album/thumb/to-dust-536d429bc98b2.jpg,4,Heartbreaker,03:41
Alice Russell,To Dust,Soul,2013,https://www.theaudiodb.com/images/media/album/thumb/to-dust-536d429bc98b2.jpg,5,I Loved You (Interlude),00:35
Alice Russell,To Dust,Soul,2013,https://www.theaudiodb.com/images/media/album/thumb/to-dust-536d429bc98b2.jpg,6,Hard And Strong,04:05
Alice Russell,To Dust,Soul,2013,https://www.theaudiodb.com/images/media/album/thumb/to-dust-536d429bc98b2.jpg,7,To Dust,03:11
Alice Russell,To Dust,Soul,2013,https://www.theaudiodb.com/images/media/album/thumb/to-dust-536d429bc98b2.jpg,8,I Loved You,03:58
Alice Russell,To Dust,Soul,2013,https://www.theaudiodb.com/images/media/album/thumb/to-dust-536d429bc98b2.jpg,9,Twin Peaks,04:31
Alice Russell,To Dust,Soul,2013,https://www.theaudiodb.com/images/media/album/thumb/to-dust-536d429bc98b2.jpg,10,Heartbreaker (Interlude),01:17
Alice Russell,To Dust,Soul,2013,https://www.theaudiodb.com/images/media/album/thumb/to-dust-536d429bc98b2.jpg,11,Let Go (Breakdown),03:15
Alice Russell,To Dust,Soul,2013,https://www.theaudiodb.com/images/media/album/thumb/to-dust-536d429bc98b2.jpg,12,Drinking Song (Interlude),02:02
Alice Russell,To Dust,Soul,2013,https://www.theaudiodb.com/images/media/album/thumb/to-dust-536d429bc98b2.jpg,13,Citizens,02:45
Alice Russell,To Dust,Soul,2013,https://www.theaudiodb.com/images/media/album/thumb/to-dust-536d429bc98b2.jpg,14,Different,05:21
Amy Winehouse,Back To Black,Soul,2006,https://www.theaudiodb.com/images/media/album/thumb/tpyrvu1521233260.jpg,1,Rehab,03:34
Amy Winehouse,Back To Black,Soul,2006,https://www.theaudiodb.com/images/media/album/thumb/tpyrvu1521233260.jpg,2,You Know I'm No Good,04:17
Amy Winehouse,Back To Black,Soul,2006,https://www.theaudiodb.com/images/media/album/thumb/tpyrvu1521233260.jpg,3,Me & Mr Jones,02:33
Amy Winehouse,Back To Black,Soul,2006,https://www.theaudiodb.com/images/media/album/thumb/tpyrvu1521233260.jpg,4,Just Friends,03:13
Amy Winehouse,Back To Black,Soul,2006,https://www.theaudiodb.com/images/media/album/thumb/tpyrvu1521233260.jpg,5,Back To Black,04:01
Amy Winehouse,Back To Black,Soul,2006,https://www.theaudiodb.com/images/media/album/thumb/tpyrvu1521233260.jpg,6,Love Is A Losing Game,02:35
Amy Winehouse,Back To Black,Soul,2006,https://www.theaudiodb.com/images/media/album/thumb/tpyrvu1521233260.jpg,7,Tears Dry On Their Own,03:06
Amy Winehouse,Back To Black,Soul,2006,https://www.theaudiodb.com/images/media/album/thumb/tpyrvu1521233260.jpg,8,Wake Up Alone,03:42
Amy Winehouse,Back To Black,Soul,2006,https://www.theaudiodb.com/images/media/album/thumb/tpyrvu1521233260.jpg,9,Some Unholy War,02:22
Amy Winehouse,Back To Black,Soul,2006,https://www.theaudiodb.com/images/media/album/thumb/tpyrvu1521233260.jpg,10,He Can Only Hold Her,02:48
Amy Winehouse,Back To Black,Soul,2006,https://www.theaudiodb.com/images/media/album/thumb/tpyrvu1521233260.jpg,11,Rehab (Hot Chip Vocal),06:58
Amy Winehouse,Back To Black,Soul,2006,https://www.theaudiodb.com/images/media/album/thumb/tpyrvu1521233260.jpg,12,You Know I'm No Good (Uk Version),03:23
Amy Winehouse,Back To Black,Soul,2006,https://www.theaudiodb.com/images/media/album/thumb/tpyrvu1521233260.jpg,13,Back To Black (The Rumble Strips Remix),03:49
Art Tatum,Art!,Jazz,1946,,1,Gang Onotes,00:00
Art Tatum,Art!,Jazz,1946,,2,52Nd St. Blues,00:00
Art Tatum,Art!,Jazz,1946,,3,Just Before Dawn,00:00
Art Tatum,Art!,Jazz,1946,,4,Crystal Clear,00:00
Art Tatum,Art!,Jazz,1946,,5,A Midnight Melody,00:00
Art Tatum,Art!,Jazz,1946,,6,Apollo Boogie,00:00
Art Tatum,Art!,Jazz,1946,,7,Too Sharp For This Flat,00:00
Art Tatum,Art!,Jazz,1946,,8,This And That,00:00
Art Tatum,Art!,Jazz,1946,,9,Between Midnight & Dawn,00:00
Art Tatum,Art!,Jazz,1946,,10,Playing In Riddles,00:00
Benny Goodman,The Golden Hits Of Benny Goodman,Jazz,2020,,1,Blue Skies,03:30
Benny Goodman,The Golden Hits Of Benny Goodman,Jazz,2020,,2,Rosetta,02:39
Benny Goodman,The Golden Hits Of Benny Goodman,Jazz,2020,,3,One O'clock Jump,03:15
Benny Goodman,The Golden Hits Of Benny Goodman,Jazz,2020,,4,I've Found A New Baby,02:09
Benny Goodman,The Golden Hits Of Benny Goodman,Jazz,2020,,5,Sometimes I'm Happy,03:38
Benny Goodman,The Golden Hits Of Benny Goodman,Jazz,2020,,6,Sing Sing Sing,08:46
Benny Goodman,The Golden Hits Of Benny Goodman,Jazz,2020,,7,The Glory Of Love,02:38
Benny Goodman,The Golden Hits Of Benny Goodman,Jazz,2020,,8,Let's Dance,02:56
Benny Goodman,The Golden Hits Of Benny Goodman,Jazz,2020,,9,Don't Be That Way,03:20
Benny Goodman,The Golden Hits Of Benny Goodman,Jazz,2020,,10,Stompin' At The Savoy,03:16
Benny Goodman,The Golden Hits Of Benny Goodman,Jazz,2020,,11,Bugle Call Rag,03:02
Benny Goodman,The Golden Hits Of Benny Goodman,Jazz,2020,,12,St. Louis Blues,05:02
Benny Goodman,The Golden Hits Of Benny Goodman,Jazz,2020,,13,Moonglow,03:25
Black Sabbath,Sabbath Bloody Sabbath,Heavy Metal,1973,https://www.theaudiodb.com/images/media/album/thumb/sabbath-bloody-sabbath-4dcdca70befd5.jpg,1,Sabbath Bloody Sabbath,05:45
Black Sabbath,Sabbath Bloody Sabbath,Heavy Metal,1973,https://www.theaudiodb.com/images/media/album/thumb/sabbath-bloody-sabbath-4dcdca70befd5.jpg,2,A National Acrobat,06:13
Black Sabbath,Sabbath Bloody Sabbath,Heavy Metal,1973,https://www.theaudiodb.com/images/media/album/thumb/sabbath-bloody-sabbath-4dcdca70befd5.jpg,3,Fluff,04:08
Black Sabbath,Sabbath Bloody Sabbath,Heavy Metal,1973,https://www.theaudiodb.com/images/media/album/thumb/sabbath-bloody-sabbath-4dcdca70befd5.jpg,4,Sabbra Cadabra,05:57
Black Sabbath,Sabbath Bloody Sabbath,Heavy Metal,1973,https://www.theaudiodb.com/images/media/album/thumb/sabbath-bloody-sabbath-4dcdca70befd5.jpg,5,Killing Yourself To Live,05:41
Black Sabbath,Sabbath Bloody Sabbath,Heavy Metal,1973,https://www.theaudiodb.com/images/media/album/thumb/sabbath-bloody-sabbath-4dcdca70befd5.jpg,6,Who Are You?,04:10
Black Sabbath,Sabbath Bloody Sabbath,Heavy Metal,1973,https://www.theaudiodb.com/images/media/album/thumb/sabbath-bloody-sabbath-4dcdca70befd5.jpg,7,Looking For Today,05:01
Black Sabbath,Sabbath Bloody Sabbath,Heavy Metal,1973,https://www.theaudiodb.com/images/media/album/thumb/sabbath-bloody-sabbath-4dcdca70befd5.jpg,8,Spiral Architect,05:31
Deep Purple,Made In Japan,Hard Rock,1972,https://www.theaudiodb.com/images/media/album/thumb/made-in-japan-4f6daf15de315.jpg,1,Highway Star,06:47
Deep Purple,Made In Japan,Hard Rock,1972,https://www.theaudiodb.com/images/media/album/thumb/made-in-japan-4f6daf15de315.jpg,1,Strange Kind Of Woman,09:30
Deep Purple,Made In Japan,Hard Rock,1972,https://www.theaudiodb.com/images/media/album/thumb/made-in-japan-4f6daf15de315.jpg,2,Child In Time,12:19
Deep Purple,Made In Japan,Hard Rock,1972,https://www.theaudiodb.com/images/media/album/thumb/made-in-japan-4f6daf15de315.jpg,2,Lazy,10:39
Deep Purple,Made In Japan,Hard Rock,1972,https://www.theaudiodb.com/images/media/album/thumb/made-in-japan-4f6daf15de315.jpg,3,Smoke On The Water,07:27
Deep Purple,Made In Japan,Hard Rock,1972,https://www.theaudiodb.com/images/media/album/thumb/made-in-japan-4f6daf15de315.jpg,3,Space Truckin',19:50
Deep Purple,Made In Japan,Hard Rock,1972,https://www.theaudiodb.com/images/media/album/thumb/made-in-japan-4f6daf15de315.jpg,4,The Mule,09:43
Def Leppard,Hysteria,Rock,1987,https://www.theaudiodb.com/images/media/album/thumb/hysteria-4e6645436c17b.jpg,1,Women,05:42
Def Leppard,Hysteria,Rock,1987,https://www.theaudiodb.com/images/media/album/thumb/hysteria-4e6645436c17b.jpg,2,Rocket,06:35
Def Leppard,Hysteria,Rock,1987,https://www.theaudiodb.com/images/media/album/thumb/hysteria-4e6645436c17b.jpg,3,Animal,04:04
Def Leppard,Hysteria,Rock,1987,https://www.theaudiodb.com/images/media/album/thumb/hysteria-4e6645436c17b.jpg,4,Love Bites,05:47
Def Leppard,Hysteria,Rock,1987,https://www.theaudiodb.com/images/media/album/thumb/hysteria-4e6645436c17b.jpg,5,Pour Some Sugar On Me,04:27
Def Leppard,Hysteria,Rock,1987,https://www.theaudiodb.com/images/media/album/thumb/hysteria-4e6645436c17b.jpg,6,Armageddon It,05:23
Def Leppard,Hysteria,Rock,1987,https://www.theaudiodb.com/images/media/album/thumb/hysteria-4e6645436c17b.jpg,7,Gods Of War,06:37
Def Leppard,Hysteria,Rock,1987,https://www.theaudiodb.com/images/media/album/thumb/hysteria-4e6645436c17b.jpg,8,Don't Shoot Shotgun,04:26
Def Leppard,Hysteria,Rock,1987,https://www.theaudiodb.com/images/media/album/thumb/hysteria-4e6645436c17b.jpg,9,Run Riot,04:39
Def Leppard,Hysteria,Rock,1987,https://www.theaudiodb.com/images/media/album/thumb/hysteria-4e6645436c17b.jpg,10,Hysteria,05:54
Def Leppard,Hysteria,Rock,1987,https://www.theaudiodb.com/images/media/album/thumb/hysteria-4e6645436c17b.jpg,11,Excitable,04:19
Def Leppard,Hysteria,Rock,1987,https://www.theaudiodb.com/images/media/album/thumb/hysteria-4e6645436c17b.jpg,12,Love And Affection,04:34
Diana Krall,The Very Best Of Diana Krall,Jazz,2007,https://www.theaudiodb.com/images/media/album/thumb/the-very-best-of-diana-krall-4fef0cba4932b.jpg,1,S'wonderful,04:26
Diana Krall,The Very Best Of Diana Krall,Jazz,2007,https://www.theaudiodb.com/images/media/album/thumb/the-very-best-of-diana-krall-4fef0cba4932b.jpg,2,Peel Me A Grape,05:49
Diana Krall,The Very Best Of Diana Krall,Jazz,2007,https://www.theaudiodb.com/images/media/album/thumb/the-very-best-of-diana-krall-4fef0cba4932b.jpg,3,Pick Yourself Up,03:01
Diana Krall,The Very Best Of Diana Krall,Jazz,2007,https://www.theaudiodb.com/images/media/album/thumb/the-very-best-of-diana-krall-4fef0cba4932b.jpg,4,Frim Fram Sauce,05:00
Diana Krall,The Very Best Of Diana Krall,Jazz,2007,https://www.theaudiodb.com/images/media/album/thumb/the-very-best-of-diana-krall-4fef0cba4932b.jpg,5,You Go To My Head,06:46
Diana Krall,The Very Best Of Diana Krall,Jazz,2007,https://www.theaudiodb.com/images/media/album/thumb/the-very-best-of-diana-krall-4fef0cba4932b.jpg,6,Let's Fall In Love,04:18
Diana Krall,The Very Best Of Diana Krall,Jazz,2007,https://www.theaudiodb.com/images/media/album/thumb/the-very-best-of-diana-krall-4fef0cba4932b.jpg,7,The Look Of Love,04:41
Diana Krall,The Very Best Of Diana Krall,Jazz,2007,https://www.theaudiodb.com/images/media/album/thumb/the-very-best-of-diana-krall-4fef0cba4932b.jpg,8,East Of The Sun (And West Of The Moon),05:45
Diana Krall,The Very Best Of Diana Krall,Jazz,2007,https://www.theaudiodb.com/images/media/album/thumb/the-very-best-of-diana-krall-4fef0cba4932b.jpg,9,I've Got You Under My Skin,06:08
Diana Krall,The Very Best Of Diana Krall,Jazz,2007,https://www.theaudiodb.com/images/media/album/thumb/the-very-best-of-diana-krall-4fef0cba4932b.jpg,10,All Or Nothing At All,04:32
Diana Krall,The Very Best Of Diana Krall,Jazz,2007,https://www.theaudiodb.com/images/media/album/thumb/the-very-best-of-diana-krall-4fef0cba4932b.jpg,11,Only The Lonely,04:16
Diana Krall,The Very Best Of Diana Krall,Jazz,2007,https://www.theaudiodb.com/images/media/album/thumb/the-very-best-of-diana-krall-4fef0cba4932b.jpg,12,Let's Face The Music And Dance,05:17
Diana Krall,The Very Best Of Diana Krall,Jazz,2007,https://www.theaudiodb.com/images/media/album/thumb/the-very-best-of-diana-krall-4fef0cba4932b.jpg,13,The Heart Of Saturday Night,04:05
Diana Krall,The Very Best Of Diana Krall,Jazz,2007,https://www.theaudiodb.com/images/media/album/thumb/the-very-best-of-diana-krall-4fef0cba4932b.jpg,14,Little Girl Blue,05:38
Diana Krall,The Very Best Of Diana Krall,Jazz,2007,https://www.theaudiodb.com/images/media/album/thumb/the-very-best-of-diana-krall-4fef0cba4932b.jpg,15,Fly Me To The Moon,05:43
Diana Krall,This Dream Of You,Jazz,2020,https://www.theaudiodb.com/images/media/album/thumb/vn4nb71601063587.jpg,1,But Beautiful,00:00
Diana Krall,This Dream Of You,Jazz,2020,https://www.theaudiodb.com/images/media/album/thumb/vn4nb71601063587.jpg,2,That's All / Azure-Te,00:00
Diana Krall,This Dream Of You,Jazz,2020,https://www.theaudiodb.com/images/media/album/thumb/vn4nb71601063587.jpg,3,Autumn In New York,00:00
Diana Krall,This Dream Of You,Jazz,2020,https://www.theaudiodb.com/images/media/album/thumb/vn4nb71601063587.jpg,4,Almost Like Being In Love,00:00
Diana Krall,This Dream Of You,Jazz,2020,https://www.theaudiodb.com/images/media/album/thumb/vn4nb71601063587.jpg,5,More Than You Know,00:00
Diana Krall,This Dream Of You,Jazz,2020,https://www.theaudiodb.com/images/media/album/thumb/vn4nb71601063587.jpg,6,Just You Just Me,00:00
Diana Krall,This Dream Of You,Jazz,2020,https://www.theaudiodb.com/images/media/album/thumb/vn4nb71601063587.jpg,7,There's No You,00:00
Diana Krall,This Dream Of You,Jazz,2020,https://www.theaudiodb.com/images/media/album/thumb/vn4nb71601063587.jpg,8,Don't Smoke In Bed,00:00
Diana Krall,This Dream Of You,Jazz,2020,https://www.theaudiodb.com/images/media/album/thumb/vn4nb71601063587.jpg,9,This Dream Of You,00:00
Diana Krall,This Dream Of You,Jazz,2020,https://www.theaudiodb.com/images/media/album/thumb/vn4nb71601063587.jpg,10,I Wished On The Moon,02:38
Diana Krall,This Dream Of You,Jazz,2020,https://www.theaudiodb.com/images/media/album/thumb/vn4nb71601063587.jpg,11,How Deep Is The Ocean,05:18
Diana Krall,This Dream Of You,Jazz,2020,https://www.theaudiodb.com/images/media/album/thumb/vn4nb71601063587.jpg,12,Singing In The Rain,00:00
Dire Straits,Brothers in Arms,Rock,1985,https://www.theaudiodb.com/images/media/album/thumb/rwgien1642550266.jpg,1,So Far Away,05:11
Dire Straits,Brothers in Arms,Rock,1985,https://www.theaudiodb.com/images/media/album/thumb/rwgien1642550266.jpg,2,Money for Nothing,08:26
Dire Straits,Brothers in Arms,Rock,1985,https://www.theaudiodb.com/images/media/album/thumb/rwgien1642550266.jpg,3,Walk of Life,04:12
Dire Straits,Brothers in Arms,Rock,1985,https://www.theaudiodb.com/images/media/album/thumb/rwgien1642550266.jpg,4,Your Latest Trick,06:33
Dire Straits,Brothers in Arms,Rock,1985,https://www.theaudiodb.com/images/media/album/thumb/rwgien1642550266.jpg,5,Why Worry,08:31
Dire Straits,Brothers in Arms,Rock,1985,https://www.theaudiodb.com/images/media/album/thumb/rwgien1642550266.jpg,6,Ride Across the River,06:58
Dire Straits,Brothers in Arms,Rock,1985,https://www.theaudiodb.com/images/media/album/thumb/rwgien1642550266.jpg,7,The Man's Too Strong,04:40
Dire Straits,Brothers in Arms,Rock,1985,https://www.theaudiodb.com/images/media/album/thumb/rwgien1642550266.jpg,8,One World,03:40
Dire Straits,Brothers in Arms,Rock,1985,https://www.theaudiodb.com/images/media/album/thumb/rwgien1642550266.jpg,9,Brothers in Arms,07:00
Dizzy Gillespie,World Statesman,Jazz,1956,https://www.theaudiodb.com/images/media/album/thumb/ursxur1414764236.jpg,1,Dizzy's Business,03:38
Dizzy Gillespie,World Statesman,Jazz,1956,https://www.theaudiodb.com/images/media/album/thumb/ursxur1414764236.jpg,2,A Night In Tunisia,05:36
Dizzy Gillespie,World Statesman,Jazz,1956,https://www.theaudiodb.com/images/media/album/thumb/ursxur1414764236.jpg,3,Jessica's Day,04:52
Dizzy Gillespie,World Statesman,Jazz,1956,https://www.theaudiodb.com/images/media/album/thumb/ursxur1414764236.jpg,4,Tour De Force,05:05
Dizzy Gillespie,World Statesman,Jazz,1956,https://www.theaudiodb.com/images/media/album/thumb/ursxur1414764236.jpg,5,I Can't Get Started,02:57
Dizzy Gillespie,World Statesman,Jazz,1956,https://www.theaudiodb.com/images/media/album/thumb/ursxur1414764236.jpg,6,Stella By Starlight,03:57
Dizzy Gillespie,World Statesman,Jazz,1956,https://www.theaudiodb.com/images/media/album/thumb/ursxur1414764236.jpg,7,Doodlin',04:09
Dizzy Gillespie,World Statesman,Jazz,1956,https://www.theaudiodb.com/images/media/album/thumb/ursxur1414764236.jpg,8,The Champ,04:44
Dizzy Gillespie,World Statesman,Jazz,1956,https://www.theaudiodb.com/images/media/album/thumb/ursxur1414764236.jpg,9,My Reverie,02:54
Dizzy Gillespie,World Statesman,Jazz,1956,https://www.theaudiodb.com/images/media/album/thumb/ursxur1414764236.jpg,10,Dizzy's Blues,02:31
Dragonette,Royal Blues,Dance,2016,https://www.theaudiodb.com/images/media/album/thumb/vyqusq1513690656.jpg,1,Let The Night Fall,04:21
Dragonette,Royal Blues,Dance,2016,https://www.theaudiodb.com/images/media/album/thumb/vyqusq1513690656.jpg,2,Body 2 Body,03:17
Dragonette,Royal Blues,Dance,2016,https://www.theaudiodb.com/images/media/album/thumb/vyqusq1513690656.jpg,3,Lonely Heart,03:36
Dragonette,Royal Blues,Dance,2016,https://www.theaudiodb.com/images/media/album/thumb/vyqusq1513690656.jpg,4,Royal Blues,04:00
Dragonette,Royal Blues,Dance,2016,https://www.theaudiodb.com/images/media/album/thumb/vyqusq1513690656.jpg,5,Sweet Poison,03:28
Dragonette,Royal Blues,Dance,2016,https://www.theaudiodb.com/images/media/album/thumb/vyqusq1513690656.jpg,6,Secret Stash,03:43
Dragonette,Royal Blues,Dance,2016,https://www.theaudiodb.com/images/media/album/thumb/vyqusq1513690656.jpg,7,Save My Neck,03:07
Dragonette,Royal Blues,Dance,2016,https://www.theaudiodb.com/images/media/album/thumb/vyqusq1513690656.jpg,8,Darth Vader,04:22
Dragonette,Royal Blues,Dance,2016,https://www.theaudiodb.com/images/media/album/thumb/vyqusq1513690656.jpg,9,High Five,02:37
Dragonette,Royal Blues,Dance,2016,https://www.theaudiodb.com/images/media/album/thumb/vyqusq1513690656.jpg,10,Detonate,04:20
Dragonette,Royal Blues,Dance,2016,https://www.theaudiodb.com/images/media/album/thumb/vyqusq1513690656.jpg,11,Love Can't Touch Me Now,03:38
Dragonette,Royal Blues,Dance,2016,https://www.theaudiodb.com/images/media/album/thumb/vyqusq1513690656.jpg,12,Lost Teenagers,03:57
Dragonette,Royal Blues,Dance,2016,https://www.theaudiodb.com/images/media/album/thumb/vyqusq1513690656.jpg,13,Future Ghost,03:36
Duke Ellington,Ellington Indigoes,Jazz,1958,,1,Solitude,04:43
Duke Ellington,Ellington Indigoes,Jazz,1958,,2,Where Or When,04:02
Duke Ellington,Ellington Indigoes,Jazz,1958,,3,Mood Indigo,03:07
Duke Ellington,Ellington Indigoes,Jazz,1958,,4,Autumn Leaves,07:10
Duke Ellington,Ellington Indigoes,Jazz,1958,,5,Prelude To A Kiss,04:44
Duke Ellington,Ellington Indigoes,Jazz,1958,,6,Willow Weep For Me,04:15
Duke Ellington,Ellington Indigoes,Jazz,1958,,7,Tenderly,05:23
Duke Ellington,Ellington Indigoes,Jazz,1958,,8,Dancing In The Dark,04:28
Fleetwood Mac,Rumours,Rock,1977,https://www.theaudiodb.com/images/media/album/thumb/rumours-4ed214d1317cf.jpg,1,Second Hand News,02:54
Fleetwood Mac,Rumours,Rock,1977,https://www.theaudiodb.com/images/media/album/thumb/rumours-4ed214d1317cf.jpg,2,Dreams,04:18
Fleetwood Mac,Rumours,Rock,1977,https://www.theaudiodb.com/images/media/album/thumb/rumours-4ed214d1317cf.jpg,3,Never Going Back Again,02:15
Fleetwood Mac,Rumours,Rock,1977,https://www.theaudiodb.com/images/media/album/thumb/rumours-4ed214d1317cf.jpg,4,Don't Stop,03:14
Fleetwood Mac,Rumours,Rock,1977,https://www.theaudiodb.com/images/media/album/thumb/rumours-4ed214d1317cf.jpg,5,Go Your Own Way,03:40
Fleetwood Mac,Rumours,Rock,1977,https://www.theaudiodb.com/images/media/album/thumb/rumours-4ed214d1317cf.jpg,6,Songbird,03:23
Fleetwood Mac,Rumours,Rock,1977,https://www.theaudiodb.com/images/media/album/thumb/rumours-4ed214d1317cf.jpg,7,The Chain,04:31
Fleetwood Mac,Rumours,Rock,1977,https://www.theaudiodb.com/images/media/album/thumb/rumours-4ed214d1317cf.jpg,8,You Make Loving Fun,03:33
Fleetwood Mac,Rumours,Rock,1977,https://www.theaudiodb.com/images/media/album/thumb/rumours-4ed214d1317cf.jpg,9,I Don't Want To Know,03:15
Fleetwood Mac,Rumours,Rock,1977,https://www.theaudiodb.com/images/media/album/thumb/rumours-4ed214d1317cf.jpg,10,Oh Daddy,03:58
Fleetwood Mac,Rumours,Rock,1977,https://www.theaudiodb.com/images/media/album/thumb/rumours-4ed214d1317cf.jpg,11,Gold Dust Woman,05:02
Fleetwood Mac,Tango In The Night,Rock,1987,https://www.theaudiodb.com/images/media/album/thumb/rvsusq1514115026.jpg,1,Big Love,03:42
Fleetwood Mac,Tango In The Night,Rock,1987,https://www.theaudiodb.com/images/media/album/thumb/rvsusq1514115026.jpg,2,Seven Wonders,03:45
Fleetwood Mac,Tango In The Night,Rock,1987,https://www.theaudiodb.com/images/media/album/thumb/rvsusq1514115026.jpg,3,Everywhere,03:49
Fleetwood Mac,Tango In The Night,Rock,1987,https://www.theaudiodb.com/images/media/album/thumb/rvsusq1514115026.jpg,4,Caroline,03:57
Fleetwood Mac,Tango In The Night,Rock,1987,https://www.theaudiodb.com/images/media/album/thumb/rvsusq1514115026.jpg,5,Tango In The Night,04:05
Fleetwood Mac,Tango In The Night,Rock,1987,https://www.theaudiodb.com/images/media/album/thumb/rvsusq1514115026.jpg,6,Mystified,03:12
Fleetwood Mac,Tango In The Night,Rock,1987,https://www.theaudiodb.com/images/media/album/thumb/rvsusq1514115026.jpg,7,Little Lies,03:43
Fleetwood Mac,Tango In The Night,Rock,1987,https://www.theaudiodb.com/images/media/album/thumb/rvsusq1514115026.jpg,8,Family Man,04:09
Fleetwood Mac,Tango In The Night,Rock,1987,https://www.theaudiodb.com/images/media/album/thumb/rvsusq1514115026.jpg,9,Welcome To The Roomâ€¦ Sara,03:44
Fleetwood Mac,Tango In The Night,Rock,1987,https://www.theaudiodb.com/images/media/album/thumb/rvsusq1514115026.jpg,10,Isn't It Midnight,04:16
Fleetwood Mac,Tango In The Night,Rock,1987,https://www.theaudiodb.com/images/media/album/thumb/rvsusq1514115026.jpg,11,When I See You Again,03:51
Fleetwood Mac,Tango In The Night,Rock,1987,https://www.theaudiodb.com/images/media/album/thumb/rvsusq1514115026.jpg,12,You And I Part Ii,02:38
Glenn Miller,The Hits,Jazz,2018,,1,In The Mood,03:35
Glenn Miller,The Hits,Jazz,2018,,2,Moonlight Serenade,03:23
Glenn Miller,The Hits,Jazz,2018,,3,Chattanooga Choo-Choo,03:27
Glenn Miller,The Hits,Jazz,2018,,4,Pensylvaniya 6-5000,03:07
Glenn Miller,The Hits,Jazz,2018,,5,Tuxedo Junction,03:29
Glenn Miller,The Hits,Jazz,2018,,6,Little Brown Jug,02:52
Glenn Miller,The Hits,Jazz,2018,,7,Moon Love,02:29
Glenn Miller,The Hits,Jazz,2018,,8,Serenade In Blue,03:29
Glenn Miller,The Hits,Jazz,2018,,9,(I?Ve Got A Gal In) Kalamazoo,03:18
Glenn Miller,The Hits,Jazz,2018,,10,A String Of Pearls,03:15
Glenn Miller,The Hits,Jazz,2018,,11,American Patrol,03:19
Glenn Miller,The Hits,Jazz,2018,,12,Over There,02:05
Glenn Miller,The Hits,Jazz,2018,,13,Mission To Moscow,02:34
Glenn Miller,The Hits,Jazz,2018,,14,Blueberry Hill,02:54
Glenn Miller,The Hits,Jazz,2018,,15,When You Wish Upon A Star,02:54
Glenn Miller,The Hits,Jazz,2018,,16,Over The Rainbow,02:29
Guns N' Roses,Appetite For Destruction,Hard Rock,1987,https://www.theaudiodb.com/images/media/album/thumb/7c2qrk1604252776.jpg,1,Welcome To The Jungle,04:33
Guns N' Roses,Appetite For Destruction,Hard Rock,1987,https://www.theaudiodb.com/images/media/album/thumb/7c2qrk1604252776.jpg,2,It's So Easy,03:22
Guns N' Roses,Appetite For Destruction,Hard Rock,1987,https://www.theaudiodb.com/images/media/album/thumb/7c2qrk1604252776.jpg,3,Nightrain,04:28
Guns N' Roses,Appetite For Destruction,Hard Rock,1987,https://www.theaudiodb.com/images/media/album/thumb/7c2qrk1604252776.jpg,4,Out Ta Get Me,04:23
Guns N' Roses,Appetite For Destruction,Hard Rock,1987,https://www.theaudiodb.com/images/media/album/thumb/7c2qrk1604252776.jpg,5,Mr. Brownstone,03:48
Guns N' Roses,Appetite For Destruction,Hard Rock,1987,https://www.theaudiodb.com/images/media/album/thumb/7c2qrk1604252776.jpg,6,Paradise City,06:46
Guns N' Roses,Appetite For Destruction,Hard Rock,1987,https://www.theaudiodb.com/images/media/album/thumb/7c2qrk1604252776.jpg,7,My Michelle,03:39
Guns N' Roses,Appetite For Destruction,Hard Rock,1987,https://www.theaudiodb.com/images/media/album/thumb/7c2qrk1604252776.jpg,8,Think About You,03:51
Guns N' Roses,Appetite For Destruction,Hard Rock,1987,https://www.theaudiodb.com/images/media/album/thumb/7c2qrk1604252776.jpg,9,Sweet Child O' Mine,05:56
Guns N' Roses,Appetite For Destruction,Hard Rock,1987,https://www.theaudiodb.com/images/media/album/thumb/7c2qrk1604252776.jpg,10,You're Crazy,03:17
Guns N' Roses,Appetite For Destruction,Hard Rock,1987,https://www.theaudiodb.com/images/media/album/thumb/7c2qrk1604252776.jpg,11,Anything Goes,03:26
Guns N' Roses,Appetite For Destruction,Hard Rock,1987,https://www.theaudiodb.com/images/media/album/thumb/7c2qrk1604252776.jpg,12,Rocket Queen,06:13
James P. Johnson,Xtra,Jazz,1966,,1,Snowy Morning Blues,00:00
James P. Johnson,Xtra,Jazz,1966,,2,Impressions,00:00
James P. Johnson,Xtra,Jazz,1966,,3,The Dream,00:00
James P. Johnson,Xtra,Jazz,1966,,4,Lorenzo's Blues,00:00
James P. Johnson,Xtra,Jazz,1966,,5,Euphonic Sounds,00:00
James P. Johnson,Xtra,Jazz,1966,,6,Theme,00:00
James P. Johnson,Xtra,Jazz,1966,,7,Blue Moods,00:00
James P. Johnson,Xtra,Jazz,1966,,8,Rag,00:00
James P. Johnson,Xtra,Jazz,1966,,9,Liza,00:00
James P. Johnson,Xtra,Jazz,1966,,10,Twilight Rag,00:00
James P. Johnson,Xtra,Jazz,1966,,11,Aunt Hagar's Blues,00:00
James P. Johnson,Xtra,Jazz,1966,,12,Sweet Lorraine,00:00
Jeff Wayne,Jeff Wayne's Musical Version Of The War Of The Worlds,Progressive Rock,1978,https://www.theaudiodb.com/images/media/album/thumb/jeff-waynes-musical-version-of-the-war-of-the-worlds-4f80e55d0c13b.jpg,1,The Eve Of The War,09:06
Jeff Wayne,Jeff Wayne's Musical Version Of The War Of The Worlds,Progressive Rock,1978,https://www.theaudiodb.com/images/media/album/thumb/jeff-waynes-musical-version-of-the-war-of-the-worlds-4f80e55d0c13b.jpg,1,The Red Weed Part 1,05:55
Jeff Wayne,Jeff Wayne's Musical Version Of The War Of The Worlds,Progressive Rock,1978,https://www.theaudiodb.com/images/media/album/thumb/jeff-waynes-musical-version-of-the-war-of-the-worlds-4f80e55d0c13b.jpg,2,Horsell Common And The Heat Ray,11:36
Jeff Wayne,Jeff Wayne's Musical Version Of The War Of The Worlds,Progressive Rock,1978,https://www.theaudiodb.com/images/media/album/thumb/jeff-waynes-musical-version-of-the-war-of-the-worlds-4f80e55d0c13b.jpg,2,Parson Nathaniel / The Spirit Of Man,11:40
Jeff Wayne,Jeff Wayne's Musical Version Of The War Of The Worlds,Progressive Rock,1978,https://www.theaudiodb.com/images/media/album/thumb/jeff-waynes-musical-version-of-the-war-of-the-worlds-4f80e55d0c13b.jpg,3,The Artilleryman And The Fighting Machine,10:36
Jeff Wayne,Jeff Wayne's Musical Version Of The War Of The Worlds,Progressive Rock,1978,https://www.theaudiodb.com/images/media/album/thumb/jeff-waynes-musical-version-of-the-war-of-the-worlds-4f80e55d0c13b.jpg,3,The Red Weed Part 2,06:51
Jeff Wayne,Jeff Wayne's Musical Version Of The War Of The Worlds,Progressive Rock,1978,https://www.theaudiodb.com/images/media/album/thumb/jeff-waynes-musical-version-of-the-war-of-the-worlds-4f80e55d0c13b.jpg,4,Forever Autumn,07:43
Jeff Wayne,Jeff Wayne's Musical Version Of The War Of The Worlds,Progressive Rock,1978,https://www.theaudiodb.com/images/media/album/thumb/jeff-waynes-musical-version-of-the-war-of-the-worlds-4f80e55d0c13b.jpg,4,Brave New World,12:12
Jeff Wayne,Jeff Wayne's Musical Version Of The War Of The Worlds,Progressive Rock,1978,https://www.theaudiodb.com/images/media/album/thumb/jeff-waynes-musical-version-of-the-war-of-the-worlds-4f80e55d0c13b.jpg,5,Thunder Child,06:05
Jeff Wayne,Jeff Wayne's Musical Version Of The War Of The Worlds,Progressive Rock,1978,https://www.theaudiodb.com/images/media/album/thumb/jeff-waynes-musical-version-of-the-war-of-the-worlds-4f80e55d0c13b.jpg,5,Dead London,08:37
Jeff Wayne,Jeff Wayne's Musical Version Of The War Of The Worlds,Progressive Rock,1978,https://www.theaudiodb.com/images/media/album/thumb/jeff-waynes-musical-version-of-the-war-of-the-worlds-4f80e55d0c13b.jpg,6,Epilogue Part 1,02:45
Jeff Wayne,Jeff Wayne's Musical Version Of The War Of The Worlds,Progressive Rock,1978,https://www.theaudiodb.com/images/media/album/thumb/jeff-waynes-musical-version-of-the-war-of-the-worlds-4f80e55d0c13b.jpg,7,Epilogue Part 2 (Nasa),01:50
John Coltrane,Blue Train,Jazz,1957,https://www.theaudiodb.com/images/media/album/thumb/blue-train-4e43eba6d7b16.jpg,1,Blue Train,10:43
John Coltrane,Blue Train,Jazz,1957,https://www.theaudiodb.com/images/media/album/thumb/blue-train-4e43eba6d7b16.jpg,2,Moment's Notice,09:10
John Coltrane,Blue Train,Jazz,1957,https://www.theaudiodb.com/images/media/album/thumb/blue-train-4e43eba6d7b16.jpg,3,Locomotion,07:14
John Coltrane,Blue Train,Jazz,1957,https://www.theaudiodb.com/images/media/album/thumb/blue-train-4e43eba6d7b16.jpg,4,I'm Old Fashioned,07:58
John Coltrane,Blue Train,Jazz,1957,https://www.theaudiodb.com/images/media/album/thumb/blue-train-4e43eba6d7b16.jpg,5,Lazy Bird,07:05
Meat Loaf,Bat Out Of Hell,Hard Rock,1977,https://www.theaudiodb.com/images/media/album/thumb/bat-out-of-hell-4e44a1d053f69.jpg,1,Bat Out Of Hell,09:52
Meat Loaf,Bat Out Of Hell,Hard Rock,1977,https://www.theaudiodb.com/images/media/album/thumb/bat-out-of-hell-4e44a1d053f69.jpg,2,You Took The Words Right Out Of My Mouth (Hot Summer Night),05:05
Meat Loaf,Bat Out Of Hell,Hard Rock,1977,https://www.theaudiodb.com/images/media/album/thumb/bat-out-of-hell-4e44a1d053f69.jpg,3,Heaven Can Wait,04:41
Meat Loaf,Bat Out Of Hell,Hard Rock,1977,https://www.theaudiodb.com/images/media/album/thumb/bat-out-of-hell-4e44a1d053f69.jpg,4,All Revved Up With No Place To Go,04:21
Meat Loaf,Bat Out Of Hell,Hard Rock,1977,https://www.theaudiodb.com/images/media/album/thumb/bat-out-of-hell-4e44a1d053f69.jpg,5,Two Out Of Three Ain't Bad,05:26
Meat Loaf,Bat Out Of Hell,Hard Rock,1977,https://www.theaudiodb.com/images/media/album/thumb/bat-out-of-hell-4e44a1d053f69.jpg,6,Paradise By The Dashboard Light,08:29
Meat Loaf,Bat Out Of Hell,Hard Rock,1977,https://www.theaudiodb.com/images/media/album/thumb/bat-out-of-hell-4e44a1d053f69.jpg,7,For Crying Out Loud,08:45
Mike Oldfield,Tubular Bells,Progressive Rock,1973,https://www.theaudiodb.com/images/media/album/thumb/ijx2gk1642550894.jpg,1,Tubular Bells Part One,25:29
Mike Oldfield,Tubular Bells,Progressive Rock,1973,https://www.theaudiodb.com/images/media/album/thumb/ijx2gk1642550894.jpg,2,Tubular Bells Part Two,23:20
Nina Simone,Lady Midnight,Jazz,1987,,1,I Put A Spell On You,02:34
Nina Simone,Lady Midnight,Jazz,1987,,2,Nobody Knows You When You're Down And Out,02:37
Nina Simone,Lady Midnight,Jazz,1987,,3,Trouble In Mind,02:38
Nina Simone,Lady Midnight,Jazz,1987,,4,Mood Indigo,02:24
Nina Simone,Lady Midnight,Jazz,1987,,5,Feeling Good,02:53
Nina Simone,Lady Midnight,Jazz,1987,,6,Pirate Jenny (Live),06:41
Nina Simone,Lady Midnight,Jazz,1987,,7,I Loves You Porgy (Live),02:29
Nina Simone,Lady Midnight,Jazz,1987,,8,Wild Is The Wind,07:01
Nina Simone,Lady Midnight,Jazz,1987,,9,For Myself,02:04
Nina Simone,Lady Midnight,Jazz,1987,,10,Beautiful Land,01:54
Nina Simone,Lady Midnight,Jazz,1987,,11,This Years Kisses,02:56
Nina Simone,Lady Midnight,Jazz,1987,,12,Plain Gold Ring (Live),06:18
Nina Simone,Lady Midnight,Jazz,1987,,13,Don't Let Me Be Misunderstood,02:44
Nina Simone,Lady Midnight,Jazz,1987,,14,One September Day,02:48
Nina Simone,Lady Midnight,Jazz,1987,,15,Little Girl Blue,02:31
Nina Simone,Lady Midnight,Jazz,1987,,16,Keep On Breaking My Heart,02:33
Nina Simone,Lady Midnight,Jazz,1987,,17,Love Me Or Leave Me,04:03
Nina Simone,Lady Midnight,Jazz,1987,,18,The Ballad Of Hollis Brown,04:52
Nina Simone,Lady Midnight,Jazz,1987,,19,Strange Fruit,03:25
Nina Simone,Lady Midnight,Jazz,1987,,20,Something Wonderful,02:42
Nina Simone,Lady Midnight,Jazz,1987,,21,Don't Explain,04:16
Nina Simone,Lady Midnight,Jazz,1987,,22,The Last Rose Of Summer,03:05
Nina Simone,Lady Midnight,Jazz,1987,,23,What More Can I Say?,02:48
Nina Simone,Lady Midnight,Jazz,1987,,24,Mississippi Goddam (Live),04:54
Nina Simone,Nina Simone And Her Friends An Intimate Variety Of Vocal Charm,Jazz,1959,,1,He's Got The Whole World In His Hands,00:00
Nina Simone,Nina Simone And Her Friends An Intimate Variety Of Vocal Charm,Jazz,1959,,2,Cottage For Sale,00:00
Nina Simone,Nina Simone And Her Friends An Intimate Variety Of Vocal Charm,Jazz,1959,,3,Old Devil Moon,00:00
Nina Simone,Nina Simone And Her Friends An Intimate Variety Of Vocal Charm,Jazz,1959,,4,I Loves You Porgy,00:00
Nina Simone,Nina Simone And Her Friends An Intimate Variety Of Vocal Charm,Jazz,1959,,5,Try A Little Tendernes,00:00
Nina Simone,Nina Simone And Her Friends An Intimate Variety Of Vocal Charm,Jazz,1959,,6,You Made Me Care,00:00
Nina Simone,Nina Simone And Her Friends An Intimate Variety Of Vocal Charm,Jazz,1959,,7,For All We Know,00:00
Nina Simone,Nina Simone And Her Friends An Intimate Variety Of Vocal Charm,Jazz,1959,,8,What Is There To Say,00:00
Nina Simone,Nina Simone And Her Friends An Intimate Variety Of Vocal Charm,Jazz,1959,,9,Too Much In Love To Care,00:00
Nina Simone,Nina Simone And Her Friends An Intimate Variety Of Vocal Charm,Jazz,1959,,10,African Mailman,00:00
Nina Simone,Nina Simone And Her Friends An Intimate Variety Of Vocal Charm,Jazz,1959,,11,Good Bye,00:00
Nina Simone,Nina Simone And Her Friends An Intimate Variety Of Vocal Charm,Jazz,1959,,12,Last Time For Love,00:00
The Beatles,A Hard Day's Night,Rock & Roll,1964,https://www.theaudiodb.com/images/media/album/thumb/a-hard-days-night-4ddaafee0bd80.jpg,1,A Hard Day's Night,02:33
The Beatles,A Hard Day's Night,Rock & Roll,1964,https://www.theaudiodb.com/images/media/album/thumb/a-hard-days-night-4ddaafee0bd80.jpg,2,I Should Have Known Better,02:44
The Beatles,A Hard Day's Night,Rock & Roll,1964,https://www.theaudiodb.com/images/media/album/thumb/a-hard-days-night-4ddaafee0bd80.jpg,3,If I Fell,02:22
The Beatles,A Hard Day's Night,Rock & Roll,1964,https://www.theaudiodb.com/images/media/album/thumb/a-hard-days-night-4ddaafee0bd80.jpg,4,I'm Happy Just To Dance With You,01:59
The Beatles,A Hard Day's Night,Rock & Roll,1964,https://www.theaudiodb.com/images/media/album/thumb/a-hard-days-night-4ddaafee0bd80.jpg,5,And I Love Her,02:31
The Beatles,A Hard Day's Night,Rock & Roll,1964,https://www.theaudiodb.com/images/media/album/thumb/a-hard-days-night-4ddaafee0bd80.jpg,6,Tell Me Why,02:10
The Beatles,A Hard Day's Night,Rock & Roll,1964,https://www.theaudiodb.com/images/media/album/thumb/a-hard-days-night-4ddaafee0bd80.jpg,7,Can't Buy Me Love,02:15
The Beatles,A Hard Day's Night,Rock & Roll,1964,https://www.theaudiodb.com/images/media/album/thumb/a-hard-days-night-4ddaafee0bd80.jpg,8,Any Time At All,02:13
The Beatles,A Hard Day's Night,Rock & Roll,1964,https://www.theaudiodb.com/images/media/album/thumb/a-hard-days-night-4ddaafee0bd80.jpg,9,I'll Cry Instead,01:48
The Beatles,A Hard Day's Night,Rock & Roll,1964,https://www.theaudiodb.com/images/media/album/thumb/a-hard-days-night-4ddaafee0bd80.jpg,10,Things We Said Today,02:39
The Beatles,A Hard Day's Night,Rock & Roll,1964,https://www.theaudiodb.com/images/media/album/thumb/a-hard-days-night-4ddaafee0bd80.jpg,11,When I Get Home,02:18
The Beatles,A Hard Day's Night,Rock & Roll,1964,https://www.theaudiodb.com/images/media/album/thumb/a-hard-days-night-4ddaafee0bd80.jpg,12,You Can't Do That,02:38
The Beatles,A Hard Day's Night,Rock & Roll,1964,https://www.theaudiodb.com/images/media/album/thumb/a-hard-days-night-4ddaafee0bd80.jpg,13,I'll Be Back,02:21
The Beatles,Let It Be,Rock & Roll,1970,https://www.theaudiodb.com/images/media/album/thumb/let-it-be-4ddaafee1afb4.jpg,1,Two Of Us,03:36
The Beatles,Let It Be,Rock & Roll,1970,https://www.theaudiodb.com/images/media/album/thumb/let-it-be-4ddaafee1afb4.jpg,2,Dig A Pony,03:54
The Beatles,Let It Be,Rock & Roll,1970,https://www.theaudiodb.com/images/media/album/thumb/let-it-be-4ddaafee1afb4.jpg,3,Across The Universe,03:47
The Beatles,Let It Be,Rock & Roll,1970,https://www.theaudiodb.com/images/media/album/thumb/let-it-be-4ddaafee1afb4.jpg,4,I Me Mine,02:26
The Beatles,Let It Be,Rock & Roll,1970,https://www.theaudiodb.com/images/media/album/thumb/let-it-be-4ddaafee1afb4.jpg,5,Dig It,00:50
The Beatles,Let It Be,Rock & Roll,1970,https://www.theaudiodb.com/images/media/album/thumb/let-it-be-4ddaafee1afb4.jpg,6,Let It Be,04:03
The Beatles,Let It Be,Rock & Roll,1970,https://www.theaudiodb.com/images/media/album/thumb/let-it-be-4ddaafee1afb4.jpg,7,Maggie Mae,00:40
The Beatles,Let It Be,Rock & Roll,1970,https://www.theaudiodb.com/images/media/album/thumb/let-it-be-4ddaafee1afb4.jpg,8,I've Got A Feeling,03:37
The Beatles,Let It Be,Rock & Roll,1970,https://www.theaudiodb.com/images/media/album/thumb/let-it-be-4ddaafee1afb4.jpg,9,One After 909,02:53
The Beatles,Let It Be,Rock & Roll,1970,https://www.theaudiodb.com/images/media/album/thumb/let-it-be-4ddaafee1afb4.jpg,10,The Long And Winding Road,03:38
The Beatles,Let It Be,Rock & Roll,1970,https://www.theaudiodb.com/images/media/album/thumb/let-it-be-4ddaafee1afb4.jpg,11,For You Blue,02:32
The Beatles,Let It Be,Rock & Roll,1970,https://www.theaudiodb.com/images/media/album/thumb/let-it-be-4ddaafee1afb4.jpg,12,Get Back,03:07
The Beatles,Rubber Soul,Rock & Roll,1965,https://www.theaudiodb.com/images/media/album/thumb/rubber-soul-4ddaafee1c33b.jpg,1,Drive My Car,02:21
The Beatles,Rubber Soul,Rock & Roll,1965,https://www.theaudiodb.com/images/media/album/thumb/rubber-soul-4ddaafee1c33b.jpg,2,Norwegian Wood (This Bird Has Flown),02:05
The Beatles,Rubber Soul,Rock & Roll,1965,https://www.theaudiodb.com/images/media/album/thumb/rubber-soul-4ddaafee1c33b.jpg,3,You Won't See Me,03:18
The Beatles,Rubber Soul,Rock & Roll,1965,https://www.theaudiodb.com/images/media/album/thumb/rubber-soul-4ddaafee1c33b.jpg,4,Nowhere Man,02:44
The Beatles,Rubber Soul,Rock & Roll,1965,https://www.theaudiodb.com/images/media/album/thumb/rubber-soul-4ddaafee1c33b.jpg,5,Think For Yourself,02:18
The Beatles,Rubber Soul,Rock & Roll,1965,https://www.theaudiodb.com/images/media/album/thumb/rubber-soul-4ddaafee1c33b.jpg,6,The Word,02:41
The Beatles,Rubber Soul,Rock & Roll,1965,https://www.theaudiodb.com/images/media/album/thumb/rubber-soul-4ddaafee1c33b.jpg,7,Michelle,02:41
The Beatles,Rubber Soul,Rock & Roll,1965,https://www.theaudiodb.com/images/media/album/thumb/rubber-soul-4ddaafee1c33b.jpg,8,What Goes On,02:47
The Beatles,Rubber Soul,Rock & Roll,1965,https://www.theaudiodb.com/images/media/album/thumb/rubber-soul-4ddaafee1c33b.jpg,9,Girl,02:29
The Beatles,Rubber Soul,Rock & Roll,1965,https://www.theaudiodb.com/images/media/album/thumb/rubber-soul-4ddaafee1c33b.jpg,10,I'm Looking Through You,02:24
The Beatles,Rubber Soul,Rock & Roll,1965,https://www.theaudiodb.com/images/media/album/thumb/rubber-soul-4ddaafee1c33b.jpg,11,In My Life,02:27
The Beatles,Rubber Soul,Rock & Roll,1965,https://www.theaudiodb.com/images/media/album/thumb/rubber-soul-4ddaafee1c33b.jpg,12,Wait,02:13
The Beatles,Rubber Soul,Rock & Roll,1965,https://www.theaudiodb.com/images/media/album/thumb/rubber-soul-4ddaafee1c33b.jpg,13,If I Needed Someone,02:21
The Beatles,Rubber Soul,Rock & Roll,1965,https://www.theaudiodb.com/images/media/album/thumb/rubber-soul-4ddaafee1c33b.jpg,14,Run For Your Life,02:27
The Beatles,Sgt. Pepper's Lonely Hearts Club Band,Rock & Roll,1967,https://www.theaudiodb.com/images/media/album/thumb/uryxqr1341915333.jpg,1,Sgt. Pepper's Lonely Hearts Club Band,02:02
The Beatles,Sgt. Pepper's Lonely Hearts Club Band,Rock & Roll,1967,https://www.theaudiodb.com/images/media/album/thumb/uryxqr1341915333.jpg,2,With A Little Help From My Friends,02:44
The Beatles,Sgt. Pepper's Lonely Hearts Club Band,Rock & Roll,1967,https://www.theaudiodb.com/images/media/album/thumb/uryxqr1341915333.jpg,3,Lucy In The Sky With Diamonds,03:30
The Beatles,Sgt. Pepper's Lonely Hearts Club Band,Rock & Roll,1967,https://www.theaudiodb.com/images/media/album/thumb/uryxqr1341915333.jpg,4,Getting Better,02:49
The Beatles,Sgt. Pepper's Lonely Hearts Club Band,Rock & Roll,1967,https://www.theaudiodb.com/images/media/album/thumb/uryxqr1341915333.jpg,5,Fixing A Hole,02:38
The Beatles,Sgt. Pepper's Lonely Hearts Club Band,Rock & Roll,1967,https://www.theaudiodb.com/images/media/album/thumb/uryxqr1341915333.jpg,6,She's Leaving Home,03:37
The Beatles,Sgt. Pepper's Lonely Hearts Club Band,Rock & Roll,1967,https://www.theaudiodb.com/images/media/album/thumb/uryxqr1341915333.jpg,7,Being For The Benefit Of Mr. Kite!,02:39
The Beatles,Sgt. Pepper's Lonely Hearts Club Band,Rock & Roll,1967,https://www.theaudiodb.com/images/media/album/thumb/uryxqr1341915333.jpg,8,Within You Without You,05:07
The Beatles,Sgt. Pepper's Lonely Hearts Club Band,Rock & Roll,1967,https://www.theaudiodb.com/images/media/album/thumb/uryxqr1341915333.jpg,9,When I'm Sixty-Four,02:39
The Beatles,Sgt. Pepper's Lonely Hearts Club Band,Rock & Roll,1967,https://www.theaudiodb.com/images/media/album/thumb/uryxqr1341915333.jpg,10,Lovely Rita,02:44
The Beatles,Sgt. Pepper's Lonely Hearts Club Band,Rock & Roll,1967,https://www.theaudiodb.com/images/media/album/thumb/uryxqr1341915333.jpg,11,Good Morning Good Morning,02:43
The Beatles,Sgt. Pepper's Lonely Hearts Club Band,Rock & Roll,1967,https://www.theaudiodb.com/images/media/album/thumb/uryxqr1341915333.jpg,12,Sgt. Pepper's Lonely Hearts Club Band (Reprise),01:18
The Beatles,Sgt. Pepper's Lonely Hearts Club Band,Rock & Roll,1967,https://www.theaudiodb.com/images/media/album/thumb/uryxqr1341915333.jpg,13,A Day In The Life,05:33
The Beatles,The Beatles,Rock & Roll,1968,https://www.theaudiodb.com/images/media/album/thumb/suspyw1341916966.jpg,1,Back In The U.S.S.R.,02:43
The Beatles,The Beatles,Rock & Roll,1968,https://www.theaudiodb.com/images/media/album/thumb/suspyw1341916966.jpg,2,Dear Prudence,03:56
The Beatles,The Beatles,Rock & Roll,1968,https://www.theaudiodb.com/images/media/album/thumb/suspyw1341916966.jpg,3,Glass Onion,02:17
The Beatles,The Beatles,Rock & Roll,1968,https://www.theaudiodb.com/images/media/album/thumb/suspyw1341916966.jpg,4,Ob-La-Di Ob-La-Da,03:08
The Beatles,The Beatles,Rock & Roll,1968,https://www.theaudiodb.com/images/media/album/thumb/suspyw1341916966.jpg,5,Wild Honey Pie,00:52
The Beatles,The Beatles,Rock & Roll,1968,https://www.theaudiodb.com/images/media/album/thumb/suspyw1341916966.jpg,6,The Continuing Story Of Bungalow Bill,03:14
The Beatles,The Beatles,Rock & Roll,1968,https://www.theaudiodb.com/images/media/album/thumb/suspyw1341916966.jpg,7,While My Guitar Gently Weeps,04:45
The Beatles,The Beatles,Rock & Roll,1968,https://www.theaudiodb.com/images/media/album/thumb/suspyw1341916966.jpg,8,Happiness Is A Warm Gun,02:43
The Beatles,The Beatles,Rock & Roll,1968,https://www.theaudiodb.com/images/media/album/thumb/suspyw1341916966.jpg,9,Martha My Dear,02:28
The Beatles,The Beatles,Rock & Roll,1968,https://www.theaudiodb.com/images/media/album/thumb/suspyw1341916966.jpg,10,I'm So Tired,02:03
The Beatles,The Beatles,Rock & Roll,1968,https://www.theaudiodb.com/images/media/album/thumb/suspyw1341916966.jpg,11,Blackbird,02:18
The Beatles,The Beatles,Rock & Roll,1968,https://www.theaudiodb.com/images/media/album/thumb/suspyw1341916966.jpg,12,Piggies,02:04
The Beatles,The Beatles,Rock & Roll,1968,https://www.theaudiodb.com/images/media/album/thumb/suspyw1341916966.jpg,13,Rocky Raccoon,03:32
The Beatles,The Beatles,Rock & Roll,1968,https://www.theaudiodb.com/images/media/album/thumb/suspyw1341916966.jpg,14,Don't Pass Me By,03:50
The Beatles,The Beatles,Rock & Roll,1968,https://www.theaudiodb.com/images/media/album/thumb/suspyw1341916966.jpg,15,Why Don't We Do It In The Road?,01:41
The Beatles,The Beatles,Rock & Roll,1968,https://www.theaudiodb.com/images/media/album/thumb/suspyw1341916966.jpg,16,I Will,01:46
The Beatles,The Beatles,Rock & Roll,1968,https://www.theaudiodb.com/images/media/album/thumb/suspyw1341916966.jpg,17,Julia,02:54
The Ronnie Scott Quartet,1612 Overture,Jazz,1963,,1,1612 Overture,17:56
The Ronnie Scott Quartet,1612 Overture,Jazz,1963,,2,The Club And I,16:22
